title;genres;rating;action;film-noir;imax;crime;fantasy;children;comedy;musical;horror;animation;adventure;mystery;romance;documentary;thriller;war;sci-fi;drama;western
Toy Story (1995);Adventure|Animation|Children|Comedy|Fantasy;C;0;0;0;0;1;1;1;0;0;1;1;0;0;0;0;0;0;0;0
Jumanji (1995);Adventure|Children|Fantasy;C;0;0;0;0;1;1;0;0;0;0;1;0;0;0;0;0;0;0;0
Father of the Bride Part II (1995);Comedy;D;0;0;0;0;0;0;1;0;0;0;0;0;0;0;0;0;0;0;0
Get Shorty (1995);Comedy|Crime|Thriller;C;0;0;0;1;0;0;1;0;0;0;0;0;0;0;1;0;0;0;0
Copycat (1995);Crime|Drama|Horror|Mystery|Thriller;D;0;0;0;1;0;0;0;0;1;0;0;1;0;0;1;0;0;1;0
City of Lost Children, The (Cité des enfants perdus, La) (1995);Adventure|Drama|Fantasy|Mystery|Sci-Fi;B;0;0;0;0;1;0;0;0;0;0;1;1;0;0;0;0;1;1;0
Twelve Monkeys (a.k.a. 12 Monkeys) (1995);Mystery|Sci-Fi|Thriller;C;0;0;0;0;0;0;0;0;0;0;0;1;0;0;1;0;1;0;0
It Takes Two (1995);Children|Comedy;F;0;0;0;0;0;1;1;0;0;0;0;0;0;0;0;0;0;0;0
Cry, the Beloved Country (1995);Drama;A;0;0;0;0;0;0;0;0;0;0;0;0;0;0;0;0;0;1;0
Usual Suspects, The (1995);Crime|Mystery|Thriller;B;0;0;0;1;0;0;0;0;0;0;0;1;0;0;1;0;0;0;0
Mary Reilly (1996);Drama|Horror|Thriller;E;0;0;0;0;0;0;0;0;1;0;0;0;0;0;1;0;0;1;0
Muppet Treasure Island (1996);Adventure|Children|Comedy|Musical;C;0;0;0;0;0;1;1;1;0;0;1;0;0;0;0;0;0;0;0
Braveheart (1995);Action|Drama|War;B;1;0;0;0;0;0;0;0;0;0;0;0;0;0;0;1;0;1;0
Apollo 13 (1995);Adventure|Drama|IMAX;C;0;0;1;0;0;0;0;0;0;0;1;0;0;0;0;0;0;1;0
Batman Forever (1995);Action|Adventure|Comedy|Crime;E;1;0;0;1;0;0;1;0;0;0;1;0;0;0;0;0;0;0;0
Congo (1995);Action|Adventure|Mystery|Sci-Fi;E;1;0;0;0;0;0;0;0;0;0;1;1;0;0;0;0;1;0;0
Net, The (1995);Action|Crime|Thriller;D;1;0;0;1;0;0;0;0;0;0;0;0;0;0;1;0;0;0;0
Umbrellas of Cherbourg, The (Parapluies de Cherbourg, Les) (1964);Drama|Musical|Romance;B;0;0;0;0;0;0;0;1;0;0;0;0;1;0;0;0;0;1;0
Hoop Dreams (1994);Documentary;A;0;0;0;0;0;0;0;0;0;0;0;0;0;1;0;0;0;0;0
Houseguest (1994);Comedy;D;0;0;0;0;0;0;1;0;0;0;0;0;0;0;0;0;0;0;0
Star Wars: Episode IV - A New Hope (1977);Action|Adventure|Sci-Fi;B;1;0;0;0;0;0;0;0;0;0;1;0;0;0;0;0;1;0;0
Mary Shelley's Frankenstein (Frankenstein) (1994);Drama|Horror|Sci-Fi;E;0;0;0;0;0;0;0;0;1;0;0;0;0;0;0;0;1;1;0
Natural Born Killers (1994);Action|Crime|Thriller;D;1;0;0;1;0;0;0;0;0;0;0;0;0;0;1;0;0;0;0
Santa Clause, The (1994);Comedy|Drama|Fantasy;D;0;0;0;0;1;0;1;0;0;0;0;0;0;0;0;0;0;1;0
Shawshank Redemption, The (1994);Crime|Drama;A;0;0;0;1;0;0;0;0;0;0;0;0;0;0;0;0;0;1;0
Corrina, Corrina (1994);Comedy|Drama|Romance;D;0;0;0;0;0;0;1;0;0;0;0;0;1;0;0;0;0;1;0
Forrest Gump (1994);Comedy|Drama|Romance|War;B;0;0;0;0;0;0;1;0;0;0;0;0;1;0;0;1;0;1;0
It Could Happen to You (1994);Comedy|Drama|Romance;D;0;0;0;0;0;0;1;0;0;0;0;0;1;0;0;0;0;1;0
Lion King, The (1994);Adventure|Animation|Children|Drama|Musical|IMAX;C;0;0;1;0;0;1;0;1;0;1;1;0;0;0;0;0;0;1;0
Speed (1994);Action|Romance|Thriller;C;1;0;0;0;0;0;0;0;0;0;0;0;1;0;1;0;0;0;0
Addams Family Values (1993);Children|Comedy|Fantasy;D;0;0;0;0;1;1;1;0;0;0;0;0;0;0;0;0;0;0;0
In the Name of the Father (1993);Drama;A;0;0;0;0;0;0;0;0;0;0;0;0;0;0;0;0;0;1;0
Radioland Murders (1994);Comedy|Mystery|Romance;C;0;0;0;0;0;0;1;0;0;0;0;1;1;0;0;0;0;0;0
Sliver (1993);Thriller;E;0;0;0;0;0;0;0;0;0;0;0;0;0;0;1;0;0;0;0
Blade Runner (1982);Action|Sci-Fi|Thriller;B;1;0;0;0;0;0;0;0;0;0;0;0;0;0;1;0;1;0;0
So I Married an Axe Murderer (1993);Comedy|Romance|Thriller;C;0;0;0;0;0;0;1;0;0;0;0;0;1;0;1;0;0;0;0
Nightmare Before Christmas, The (1993);Animation|Children|Fantasy|Musical;C;0;0;0;0;1;1;0;1;0;1;0;0;0;0;0;0;0;0;0
Three Musketeers, The (1993);Action|Adventure|Comedy|Romance;C;1;0;0;0;0;0;1;0;0;0;1;0;1;0;0;0;0;0;0
Ghost (1990);Comedy|Drama|Fantasy|Romance|Thriller;C;0;0;0;0;1;0;1;0;0;0;0;0;1;0;1;0;0;1;0
Aladdin (1992);Adventure|Animation|Children|Comedy|Musical;C;0;0;0;0;0;1;1;1;0;1;1;0;0;0;0;0;0;0;0
Dances with Wolves (1990);Adventure|Drama|Western;C;0;0;0;0;0;0;0;0;0;0;1;0;0;0;0;0;0;1;1
Silence of the Lambs, The (1991);Crime|Horror|Thriller;B;0;0;0;1;0;0;0;0;1;0;0;0;0;0;1;0;0;0;0
Snow White and the Seven Dwarfs (1937);Animation|Children|Drama|Fantasy|Musical;C;0;0;0;0;1;1;0;1;0;1;0;0;0;0;0;0;0;1;0
Beauty and the Beast (1991);Animation|Children|Fantasy|Musical|Romance|IMAX;C;0;0;1;0;1;1;0;1;0;1;0;0;1;0;0;0;0;0;0
Pinocchio (1940);Animation|Children|Fantasy|Musical;C;0;0;0;0;1;1;0;1;0;1;0;0;0;0;0;0;0;0;0
Aristocats, The (1970);Animation|Children;C;0;0;0;0;0;1;0;0;0;1;0;0;0;0;0;0;0;0;0
Courage Under Fire (1996);Action|Crime|Drama|War;C;1;0;0;1;0;0;0;0;0;0;0;0;0;0;0;1;0;1;0
Mission: Impossible (1996);Action|Adventure|Mystery|Thriller;C;1;0;0;0;0;0;0;0;0;0;1;1;0;0;1;0;0;0;0
Song of the Little Road (Pather Panchali) (1955);Drama;A;0;0;0;0;0;0;0;0;0;0;0;0;0;0;0;0;0;1;0
World of Apu, The (Apur Sansar) (1959);Drama;A;0;0;0;0;0;0;0;0;0;0;0;0;0;0;0;0;0;1;0
Space Jam (1996);Adventure|Animation|Children|Comedy|Fantasy|Sci-Fi;E;0;0;0;0;1;1;1;0;0;1;1;0;0;0;0;0;1;0;0
Wallace & Gromit: The Best of Aardman Animation (1996);Adventure|Animation|Comedy;B;0;0;0;0;0;0;1;0;0;1;1;0;0;0;0;0;0;0;0
Twister (1996);Action|Adventure|Romance|Thriller;C;1;0;0;0;0;0;0;0;0;0;1;0;1;0;1;0;0;0;0
Wallace & Gromit: A Close Shave (1995);Animation|Children|Comedy;C;0;0;0;0;0;1;1;0;0;1;0;0;0;0;0;0;0;0;0
Dr. Strangelove or: How I Learned to Stop Worrying and Love the Bomb (1964);Comedy|War;A;0;0;0;0;0;0;1;0;0;0;0;0;0;0;0;1;0;0;0
Lone Star (1996);Drama|Mystery|Western;B;0;0;0;0;0;0;0;0;0;0;0;1;0;0;0;0;0;1;1
First Wives Club, The (1996);Comedy;D;0;0;0;0;0;0;1;0;0;0;0;0;0;0;0;0;0;0;0
Chain Reaction (1996);Action|Adventure|Thriller;E;1;0;0;0;0;0;0;0;0;0;1;0;0;0;1;0;0;0;0
Tin Cup (1996);Comedy|Drama|Romance;D;0;0;0;0;0;0;1;0;0;0;0;0;1;0;0;0;0;1;0
Godfather, The (1972);Crime|Drama;A;0;0;0;1;0;0;0;0;0;0;0;0;0;0;0;0;0;1;0
Singin' in the Rain (1952);Comedy|Musical|Romance;B;0;0;0;0;0;0;1;1;0;0;0;0;1;0;0;0;0;0;0
American in Paris, An (1951);Musical|Romance;C;0;0;0;0;0;0;0;1;0;0;0;0;1;0;0;0;0;0;0
Vertigo (1958);Drama|Mystery|Romance|Thriller;B;0;0;0;0;0;0;0;0;0;0;0;1;1;0;1;0;0;1;0
It Happened One Night (1934);Comedy|Romance;A;0;0;0;0;0;0;1;0;0;0;0;0;1;0;0;0;0;0;0
North by Northwest (1959);Action|Adventure|Mystery|Romance|Thriller;B;1;0;0;0;0;0;0;0;0;0;1;1;1;0;1;0;0;0;0
Charade (1963);Comedy|Crime|Mystery|Romance|Thriller;C;0;0;0;1;0;0;1;0;0;0;0;1;1;0;1;0;0;0;0
Maltese Falcon, The (1941);Film-Noir|Mystery;B;0;1;0;0;0;0;0;0;0;0;0;1;0;0;0;0;0;0;0
My Fair Lady (1964);Comedy|Drama|Musical|Romance;B;0;0;0;0;0;0;1;1;0;0;0;0;1;0;0;0;0;1;0
Meet Me in St. Louis (1944);Musical;B;0;0;0;0;0;0;0;1;0;0;0;0;0;0;0;0;0;0;0
Wizard of Oz, The (1939);Adventure|Children|Fantasy|Musical;C;0;0;0;0;1;1;0;1;0;0;1;0;0;0;0;0;0;0;0
Sunset Blvd. (a.k.a. Sunset Boulevard) (1950);Drama|Film-Noir|Romance;A;0;1;0;0;0;0;0;0;0;0;0;0;1;0;0;0;0;1;0
Citizen Kane (1941);Drama|Mystery;B;0;0;0;0;0;0;0;0;0;0;0;1;0;0;0;0;0;1;0
Rebecca (1940);Drama|Mystery|Romance|Thriller;B;0;0;0;0;0;0;0;0;0;0;0;1;1;0;1;0;0;1;0
Foreign Correspondent (1940);Drama|Film-Noir|Mystery|Thriller;C;0;1;0;0;0;0;0;0;0;0;0;1;0;0;1;0;0;1;0
Notorious (1946);Film-Noir|Romance|Thriller;A;0;1;0;0;0;0;0;0;0;0;0;0;1;0;1;0;0;0;0
Spellbound (1945);Mystery|Romance|Thriller;C;0;0;0;0;0;0;0;0;0;0;0;1;1;0;1;0;0;0;0
Adventures of Robin Hood, The (1938);Action|Adventure|Romance;B;1;0;0;0;0;0;0;0;0;0;1;0;1;0;0;0;0;0;0
Mark of Zorro, The (1940);Adventure;C;0;0;0;0;0;0;0;0;0;0;1;0;0;0;0;0;0;0;0
Ghost and Mrs. Muir, The (1947);Drama|Fantasy|Romance;C;0;0;0;0;1;0;0;0;0;0;0;0;1;0;0;0;0;1;0
Top Hat (1935);Comedy|Musical|Romance;B;0;0;0;0;0;0;1;1;0;0;0;0;1;0;0;0;0;0;0
Giant (1956);Drama|Romance|Western;C;0;0;0;0;0;0;0;0;0;0;0;0;1;0;0;0;0;1;1
His Girl Friday (1940);Comedy|Romance;A;0;0;0;0;0;0;1;0;0;0;0;0;1;0;0;0;0;0;0
It's a Wonderful Life (1946);Children|Drama|Fantasy|Romance;B;0;0;0;0;1;1;0;0;0;0;0;0;1;0;0;0;0;1;0
African Queen, The (1951);Adventure|Comedy|Romance|War;C;0;0;0;0;0;0;1;0;0;0;1;0;1;0;0;1;0;0;0
Beat the Devil (1953);Adventure|Comedy|Crime|Drama|Romance;C;0;0;0;1;0;0;1;0;0;0;1;0;1;0;0;0;0;1;0
Fly Away Home (1996);Adventure|Children;C;0;0;0;0;0;1;0;0;0;0;1;0;0;0;0;0;0;0;0
Parent Trap, The (1961);Children|Comedy|Romance;D;0;0;0;0;0;1;1;0;0;0;0;0;1;0;0;0;0;0;0
Cinderella (1950);Animation|Children|Fantasy|Musical|Romance;C;0;0;0;0;1;1;0;1;0;1;0;0;1;0;0;0;0;0;0
Sword in the Stone, The (1963);Animation|Children|Fantasy|Musical;C;0;0;0;0;1;1;0;1;0;1;0;0;0;0;0;0;0;0;0
Mary Poppins (1964);Children|Comedy|Fantasy|Musical;C;0;0;0;0;1;1;1;1;0;0;0;0;0;0;0;0;0;0;0
Dumbo (1941);Animation|Children|Drama|Musical;C;0;0;0;0;0;1;0;1;0;1;0;0;0;0;0;0;0;1;0
Pete's Dragon (1977);Adventure|Animation|Children|Musical;E;0;0;0;0;0;1;0;1;0;1;1;0;0;0;0;0;0;0;0
Alice in Wonderland (1951);Adventure|Animation|Children|Fantasy|Musical;C;0;0;0;0;1;1;0;1;0;1;1;0;0;0;0;0;0;0;0
Fox and the Hound, The (1981);Animation|Children|Drama;C;0;0;0;0;0;1;0;0;0;1;0;0;0;0;0;0;0;1;0
Sound of Music, The (1965);Musical|Romance;C;0;0;0;0;0;0;0;1;0;0;0;0;1;0;0;0;0;0;0
Secrets & Lies (1996);Drama;A;0;0;0;0;0;0;0;0;0;0;0;0;0;0;0;0;0;1;0
Reservoir Dogs (1992);Crime|Mystery|Thriller;B;0;0;0;1;0;0;0;0;0;0;0;1;0;0;1;0;0;0;0
E.T. the Extra-Terrestrial (1982);Children|Drama|Sci-Fi;C;0;0;0;0;0;1;0;0;0;0;0;0;0;0;0;0;1;1;0
Top Gun (1986);Action|Romance;C;1;0;0;0;0;0;0;0;0;0;0;0;1;0;0;0;0;0;0
Streetcar Named Desire, A (1951);Drama;A;0;0;0;0;0;0;0;0;0;0;0;0;0;0;0;0;0;1;0
Private Benjamin (1980);Comedy;D;0;0;0;0;0;0;1;0;0;0;0;0;0;0;0;0;0;0;0
Monty Python and the Holy Grail (1975);Adventure|Comedy|Fantasy;B;0;0;0;0;1;0;1;0;0;0;1;0;0;0;0;0;0;0;0
Wallace & Gromit: The Wrong Trousers (1993);Animation|Children|Comedy|Crime;B;0;0;0;1;0;1;1;0;0;1;0;0;0;0;0;0;0;0;0
Paths of Glory (1957);Drama|War;A;0;0;0;0;0;0;0;0;0;0;0;0;0;0;0;1;0;1;0
Star Wars: Episode V - The Empire Strikes Back (1980);Action|Adventure|Sci-Fi;B;1;0;0;0;0;0;0;0;0;0;1;0;0;0;0;0;1;0;0
Princess Bride, The (1987);Action|Adventure|Comedy|Fantasy|Romance;B;1;0;0;0;1;0;1;0;0;0;1;0;1;0;0;0;0;0;0
Raiders of the Lost Ark (Indiana Jones and the Raiders of the Lost Ark) (1981);Action|Adventure;B;1;0;0;0;0;0;0;0;0;0;1;0;0;0;0;0;0;0;0
Aliens (1986);Action|Adventure|Horror|Sci-Fi;C;1;0;0;0;0;0;0;0;1;0;1;0;0;0;0;0;1;0;0
Good, the Bad and the Ugly, The (Buono, il brutto, il cattivo, Il) (1966);Action|Adventure|Western;B;1;0;0;0;0;0;0;0;0;0;1;0;0;0;0;0;0;0;1
Lawrence of Arabia (1962);Adventure|Drama|War;A;0;0;0;0;0;0;0;0;0;0;1;0;0;0;0;1;0;1;0
Clockwork Orange, A (1971);Crime|Drama|Sci-Fi|Thriller;C;0;0;0;1;0;0;0;0;0;0;0;0;0;0;1;0;1;1;0
Apocalypse Now (1979);Action|Drama|War;B;1;0;0;0;0;0;0;0;0;0;0;0;0;0;0;1;0;1;0
Once Upon a Time in the West (C'era una volta il West) (1968);Action|Drama|Western;A;1;0;0;0;0;0;0;0;0;0;0;0;0;0;0;0;0;1;1
Star Wars: Episode VI - Return of the Jedi (1983);Action|Adventure|Sci-Fi;B;1;0;0;0;0;0;0;0;0;0;1;0;0;0;0;0;1;0;0
Third Man, The (1949);Film-Noir|Mystery|Thriller;B;0;1;0;0;0;0;0;0;0;0;0;1;0;0;1;0;0;0;0
Goodfellas (1990);Crime|Drama;A;0;0;0;1;0;0;0;0;0;0;0;0;0;0;0;0;0;1;0
Alien (1979);Horror|Sci-Fi;C;0;0;0;0;0;0;0;0;1;0;0;0;0;0;0;0;1;0;0
Ran (1985);Drama|War;A;0;0;0;0;0;0;0;0;0;0;0;0;0;0;0;1;0;1;0
Psycho (1960);Crime|Horror;B;0;0;0;1;0;0;0;0;1;0;0;0;0;0;0;0;0;0;0
Blues Brothers, The (1980);Action|Comedy|Musical;C;1;0;0;0;0;0;1;1;0;0;0;0;0;0;0;0;0;0;0
Godfather: Part II, The (1974);Crime|Drama;A;0;0;0;1;0;0;0;0;0;0;0;0;0;0;0;0;0;1;0
Grand Day Out with Wallace and Gromit, A (1989);Adventure|Animation|Children|Comedy|Sci-Fi;B;0;0;0;0;0;1;1;0;0;1;1;0;0;0;0;0;1;0;0
Henry V (1989);Action|Drama|Romance|War;B;1;0;0;0;0;0;0;0;0;0;0;0;1;0;0;1;0;1;0
Boot, Das (Boat, The) (1981);Action|Drama|War;B;1;0;0;0;0;0;0;0;0;0;0;0;0;0;0;1;0;1;0
Miller's Crossing (1990);Crime|Drama|Film-Noir|Thriller;B;0;1;0;1;0;0;0;0;0;0;0;0;0;0;1;0;0;1;0
Femme Nikita, La (Nikita) (1990);Action|Crime|Romance|Thriller;B;1;0;0;1;0;0;0;0;0;0;0;0;1;0;1;0;0;0;0
Chinatown (1974);Crime|Film-Noir|Mystery|Thriller;B;0;1;0;1;0;0;0;0;0;0;0;1;0;0;1;0;0;0;0
Day the Earth Stood Still, The (1951);Drama|Sci-Fi|Thriller;C;0;0;0;0;0;0;0;0;0;0;0;0;0;0;1;0;1;1;0
Treasure of the Sierra Madre, The (1948);Action|Adventure|Drama|Western;C;1;0;0;0;0;0;0;0;0;0;1;0;0;0;0;0;0;1;1
Stand by Me (1986);Adventure|Drama;B;0;0;0;0;0;0;0;0;0;0;1;0;0;0;0;0;0;1;0
M (1931);Crime|Film-Noir|Thriller;C;0;1;0;1;0;0;0;0;0;0;0;0;0;0;1;0;0;0;0
Great Escape, The (1963);Action|Adventure|Drama|War;B;1;0;0;0;0;0;0;0;0;0;1;0;0;0;0;1;0;1;0
Unforgiven (1992);Drama|Western;B;0;0;0;0;0;0;0;0;0;0;0;0;0;0;0;0;0;1;1
Manchurian Candidate, The (1962);Crime|Thriller|War;A;0;0;0;1;0;0;0;0;0;0;0;0;0;0;1;1;0;0;0
Back to the Future (1985);Adventure|Comedy|Sci-Fi;B;0;0;0;0;0;0;1;0;0;0;1;0;0;0;0;0;1;0;0
Akira (1988);Action|Adventure|Animation|Sci-Fi;C;1;0;0;0;0;0;0;0;0;1;1;0;0;0;0;0;1;0;0
Cool Hand Luke (1967);Drama;A;0;0;0;0;0;0;0;0;0;0;0;0;0;0;0;0;0;1;0
Raise the Red Lantern (Da hong deng long gao gao gua) (1991);Drama;A;0;0;0;0;0;0;0;0;0;0;0;0;0;0;0;0;0;1;0
Great Dictator, The (1940);Comedy|Drama|War;B;0;0;0;0;0;0;1;0;0;0;0;0;0;0;0;1;0;1;0
Fantasia (1940);Animation|Children|Fantasy|Musical;C;0;0;0;0;1;1;0;1;0;1;0;0;0;0;0;0;0;0;0
High Noon (1952);Drama|Western;B;0;0;0;0;0;0;0;0;0;0;0;0;0;0;0;0;0;1;1
Big Sleep, The (1946);Crime|Film-Noir|Mystery;B;0;1;0;1;0;0;0;0;0;0;0;1;0;0;0;0;0;0;0
Indiana Jones and the Last Crusade (1989);Action|Adventure;B;1;0;0;0;0;0;0;0;0;0;1;0;0;0;0;0;0;0;0
Forbidden Planet (1956);Drama|Sci-Fi;C;0;0;0;0;0;0;0;0;0;0;0;0;0;0;0;0;1;1;0
Field of Dreams (1989);Children|Drama|Fantasy;C;0;0;0;0;1;1;0;0;0;0;0;0;0;0;0;0;0;1;0
Man Who Would Be King, The (1975);Adventure|Drama;B;0;0;0;0;0;0;0;0;0;0;1;0;0;0;0;0;0;1;0
Butch Cassidy and the Sundance Kid (1969);Action|Western;C;1;0;0;0;0;0;0;0;0;0;0;0;0;0;0;0;0;0;1
Carrie (1976);Drama|Fantasy|Horror|Thriller;C;0;0;0;0;1;0;0;0;1;0;0;0;0;0;1;0;0;1;0
Breaking the Waves (1996);Drama|Mystery;B;0;0;0;0;0;0;0;0;0;0;0;1;0;0;0;0;0;1;0
101 Dalmatians (1996);Adventure|Children|Comedy;D;0;0;0;0;0;1;1;0;0;0;1;0;0;0;0;0;0;0;0
Batman Returns (1992);Action|Crime;D;1;0;0;1;0;0;0;0;0;0;0;0;0;0;0;0;0;0;0
Jaws (1975);Action|Horror;B;1;0;0;0;0;0;0;0;1;0;0;0;0;0;0;0;0;0;0
Sneakers (1992);Action|Comedy|Crime|Drama|Sci-Fi;C;1;0;0;1;0;0;1;0;0;0;0;0;0;0;0;0;1;1;0
In Love and War (1996);Romance|War;E;0;0;0;0;0;0;0;0;0;0;0;0;1;0;0;1;0;0;0
Last of the Mohicans, The (1992);Action|Romance|War|Western;C;1;0;0;0;0;0;0;0;0;0;0;0;1;0;0;1;0;0;1
Hamlet (1996);Crime|Drama|Romance;B;0;0;0;1;0;0;0;0;0;0;0;0;1;0;0;0;0;1;0
Whole Wide World, The (1996);Drama;A;0;0;0;0;0;0;0;0;0;0;0;0;0;0;0;0;0;1;0
Kolya (Kolja) (1996);Comedy|Drama;A;0;0;0;0;0;0;1;0;0;0;0;0;0;0;0;0;0;1;0
Jungle2Jungle (a.k.a. Jungle 2 Jungle) (1997);Children|Comedy;F;0;0;0;0;0;1;1;0;0;0;0;0;0;0;0;0;0;0;0
Liar Liar (1997);Comedy;D;0;0;0;0;0;0;1;0;0;0;0;0;0;0;0;0;0;0;0
Lost World: Jurassic Park, The (1997);Action|Adventure|Sci-Fi|Thriller;E;1;0;0;0;0;0;0;0;0;0;1;0;0;0;1;0;1;0;0
Ponette (1996);Drama;A;0;0;0;0;0;0;0;0;0;0;0;0;0;0;0;0;0;1;0
G.I. Jane (1997);Action|Drama;E;1;0;0;0;0;0;0;0;0;0;0;0;0;0;0;0;0;1;0
L.A. Confidential (1997);Crime|Film-Noir|Mystery|Thriller;B;0;1;0;1;0;0;0;0;0;0;0;1;0;0;1;0;0;0;0
Gattaca (1997);Drama|Sci-Fi|Thriller;C;0;0;0;0;0;0;0;0;0;0;0;0;0;0;1;0;1;1;0
Witness (1985);Drama|Romance|Thriller;C;0;0;0;0;0;0;0;0;0;0;0;0;1;0;1;0;0;1;0
Truman Show, The (1998);Comedy|Drama|Sci-Fi;C;0;0;0;0;0;0;1;0;0;0;0;0;0;0;0;0;1;1;0
Wings of the Dove, The (1997);Drama|Romance;A;0;0;0;0;0;0;0;0;0;0;0;0;1;0;0;0;0;1;0
Midnight in the Garden of Good and Evil (1997);Crime|Drama|Mystery;D;0;0;0;1;0;0;0;0;0;0;0;1;0;0;0;0;0;1;0
Scream 2 (1997);Comedy|Horror|Mystery|Thriller;E;0;0;0;0;0;0;1;0;1;0;0;1;0;0;1;0;0;0;0
Sweet Hereafter, The (1997);Drama;A;0;0;0;0;0;0;0;0;0;0;0;0;0;0;0;0;0;1;0
Postman, The (1997);Action|Adventure|Drama|Sci-Fi;E;1;0;0;0;0;0;0;0;0;0;1;0;0;0;0;0;1;1;0
Dark City (1998);Adventure|Film-Noir|Sci-Fi|Thriller;C;0;1;0;0;0;0;0;0;0;0;1;0;0;0;1;0;1;0;0
Sphere (1998);Sci-Fi|Thriller;E;0;0;0;0;0;0;0;0;0;0;0;0;0;0;1;0;1;0;0
Everest (1998);Documentary|IMAX;A;0;0;1;0;0;0;0;0;0;0;0;0;0;1;0;0;0;0;0
Spanish Prisoner, The (1997);Crime|Drama|Mystery|Thriller;B;0;0;0;1;0;0;0;0;0;0;0;1;0;0;1;0;0;1;0
Last Days of Disco, The (1998);Comedy|Drama;A;0;0;0;0;0;0;1;0;0;0;0;0;0;0;0;0;0;1;0
Beyond Silence (Jenseits der Stille) (1996);Drama;A;0;0;0;0;0;0;0;0;0;0;0;0;0;0;0;0;0;1;0
X-Files: Fight the Future, The (1998);Action|Crime|Mystery|Sci-Fi|Thriller;C;1;0;0;1;0;0;0;0;0;0;0;1;0;0;1;0;1;0;0
Out of Sight (1998);Comedy|Crime|Drama|Romance|Thriller;C;0;0;0;1;0;0;1;0;0;0;0;0;1;0;1;0;0;1;0
Picnic at Hanging Rock (1975);Drama|Mystery;B;0;0;0;0;0;0;0;0;0;0;0;1;0;0;0;0;0;1;0
Armageddon (1998);Action|Romance|Sci-Fi|Thriller;D;1;0;0;0;0;0;0;0;0;0;0;0;1;0;1;0;1;0;0
Pi (1998);Drama|Sci-Fi|Thriller;C;0;0;0;0;0;0;0;0;0;0;0;0;0;0;1;0;1;1;0
Mutiny on the Bounty (1935);Adventure|Drama;B;0;0;0;0;0;0;0;0;0;0;1;0;0;0;0;0;0;1;0
All the King's Men (1949);Drama;A;0;0;0;0;0;0;0;0;0;0;0;0;0;0;0;0;0;1;0
In the Heat of the Night (1967);Drama|Mystery;B;0;0;0;0;0;0;0;0;0;0;0;1;0;0;0;0;0;1;0
Friday the 13th Part 2 (1981);Horror;E;0;0;0;0;0;0;0;0;1;0;0;0;0;0;0;0;0;0;0
Friday the 13th Part IV: The Final Chapter (1984);Horror;E;0;0;0;0;0;0;0;0;1;0;0;0;0;0;0;0;0;0;0
Friday the 13th Part V: A New Beginning (1985);Horror;E;0;0;0;0;0;0;0;0;1;0;0;0;0;0;0;0;0;0;0
Halloween II (1981);Horror;E;0;0;0;0;0;0;0;0;1;0;0;0;0;0;0;0;0;0;0
Exorcist, The (1973);Horror|Mystery;C;0;0;0;0;0;0;0;0;1;0;0;1;0;0;0;0;0;0;0
Saving Private Ryan (1998);Action|Drama|War;B;1;0;0;0;0;0;0;0;0;0;0;0;0;0;0;1;0;1;0
Honey, I Shrunk the Kids (1989);Adventure|Children|Comedy|Fantasy|Sci-Fi;E;0;0;0;0;1;1;1;0;0;0;1;0;0;0;0;0;1;0;0
Negotiator, The (1998);Action|Crime|Drama|Mystery|Thriller;C;1;0;0;1;0;0;0;0;0;0;0;1;0;0;1;0;0;1;0
Parent Trap, The (1998);Children|Comedy|Romance;D;0;0;0;0;0;1;1;0;0;0;0;0;1;0;0;0;0;0;0
Purple Rose of Cairo, The (1985);Comedy|Drama|Fantasy|Romance;C;0;0;0;0;1;0;1;0;0;0;0;0;1;0;0;0;0;1;0
Out of the Past (1947);Film-Noir;B;0;1;0;0;0;0;0;0;0;0;0;0;0;0;0;0;0;0;0
Tender Mercies (1983);Drama|Romance|Western;C;0;0;0;0;0;0;0;0;0;0;0;0;1;0;0;0;0;1;1
Jungle Book, The (1967);Animation|Children|Comedy|Musical;C;0;0;0;0;0;1;1;1;0;1;0;0;0;0;0;0;0;0;0
Lady and the Tramp (1955);Animation|Children|Comedy|Romance;C;0;0;0;0;0;1;1;0;0;1;0;0;1;0;0;0;0;0;0
101 Dalmatians (One Hundred and One Dalmatians) (1961);Adventure|Animation|Children;C;0;0;0;0;0;1;0;0;0;1;1;0;0;0;0;0;0;0;0
Something Wicked This Way Comes (1983);Children|Drama|Fantasy|Mystery|Thriller;E;0;0;0;0;1;1;0;0;0;0;0;1;0;0;1;0;0;1;0
Splash (1984);Comedy|Fantasy|Romance;D;0;0;0;0;1;0;1;0;0;0;0;0;1;0;0;0;0;0;0
Lord of the Rings, The (1978);Adventure|Animation|Children|Fantasy;D;0;0;0;0;1;1;0;0;0;1;1;0;0;0;0;0;0;0;0
Cujo (1983);Horror|Thriller;F;0;0;0;0;0;0;0;0;1;0;0;0;0;0;1;0;0;0;0
Watership Down (1978);Adventure|Animation|Children|Drama|Fantasy;B;0;0;0;0;1;1;0;0;0;1;1;0;0;0;0;0;0;1;0
Pretty in Pink (1986);Comedy|Drama|Romance;D;0;0;0;0;0;0;1;0;0;0;0;0;1;0;0;0;0;1;0
Stage Fright (1950);Mystery|Romance|Thriller;C;0;0;0;0;0;0;0;0;0;0;0;1;1;0;1;0;0;0;0
Untouchables, The (1987);Action|Crime|Drama;C;1;0;0;1;0;0;0;0;0;0;0;0;0;0;0;0;0;1;0
Lifeboat (1944);Drama|War;A;0;0;0;0;0;0;0;0;0;0;0;0;0;0;0;1;0;1;0
Suspicion (1941);Film-Noir|Mystery|Thriller;B;0;1;0;0;0;0;0;0;0;0;0;1;0;0;1;0;0;0;0
Married to the Mob (1988);Comedy;D;0;0;0;0;0;0;1;0;0;0;0;0;0;0;0;0;0;0;0
My Blue Heaven (1990);Comedy;D;0;0;0;0;0;0;1;0;0;0;0;0;0;0;0;0;0;0;0
Edward Scissorhands (1990);Drama|Fantasy|Romance;C;0;0;0;0;1;0;0;0;0;0;0;0;1;0;0;0;0;1;0
Life Is Beautiful (La Vita è bella) (1997);Comedy|Drama|Romance|War;B;0;0;0;0;0;0;1;0;0;0;0;0;1;0;0;1;0;1;0
Siege, The (1998);Action|Thriller;E;1;0;0;0;0;0;0;0;0;0;0;0;0;0;1;0;0;0;0
Waterboy, The (1998);Comedy;D;0;0;0;0;0;0;1;0;0;0;0;0;0;0;0;0;0;0;0
Nights of Cabiria (Notti di Cabiria, Le) (1957);Drama;A;0;0;0;0;0;0;0;0;0;0;0;0;0;0;0;0;0;1;0
Bug's Life, A (1998);Adventure|Animation|Children|Comedy;C;0;0;0;0;0;1;1;0;0;1;1;0;0;0;0;0;0;0;0
Central Station (Central do Brasil) (1998);Drama;A;0;0;0;0;0;0;0;0;0;0;0;0;0;0;0;0;0;1;0
Celebration, The (Festen) (1998);Drama;A;0;0;0;0;0;0;0;0;0;0;0;0;0;0;0;0;0;1;0
Star Trek: Insurrection (1998);Action|Drama|Romance|Sci-Fi;D;1;0;0;0;0;0;0;0;0;0;0;0;1;0;0;0;1;1;0
Prince of Egypt, The (1998);Animation|Musical;C;0;0;0;0;0;0;0;1;0;1;0;0;0;0;0;0;0;0;0
Rocky III (1982);Action|Drama;E;1;0;0;0;0;0;0;0;0;0;0;0;0;0;0;0;0;1;0
Rocky IV (1985);Action|Drama;E;1;0;0;0;0;0;0;0;0;0;0;0;0;0;0;0;0;1;0
Karate Kid, Part III, The (1989);Action|Adventure|Children|Drama;G;1;0;0;0;0;1;0;0;0;0;1;0;0;0;0;0;0;1;0
Crocodile Dundee (1986);Adventure|Comedy;D;0;0;0;0;0;0;1;0;0;0;1;0;0;0;0;0;0;0;0
Christine (1983);Horror;E;0;0;0;0;0;0;0;0;1;0;0;0;0;0;0;0;0;0;0
Village of the Damned (1960);Horror|Sci-Fi|Thriller;D;0;0;0;0;0;0;0;0;1;0;0;0;0;0;1;0;1;0;0
Children of the Damned (1963);Horror|Sci-Fi|Thriller;D;0;0;0;0;0;0;0;0;1;0;0;0;0;0;1;0;1;0;0
King and I, The (1956);Drama|Musical|Romance;B;0;0;0;0;0;0;0;1;0;0;0;0;1;0;0;0;0;1;0
Matrix, The (1999);Action|Sci-Fi|Thriller;B;1;0;0;0;0;0;0;0;0;0;0;0;0;0;1;0;1;0;0
Mildred Pierce (1945);Drama|Film-Noir;B;0;1;0;0;0;0;0;0;0;0;0;0;0;0;0;0;0;1;0
Thing from Another World, The (1951);Horror|Sci-Fi;C;0;0;0;0;0;0;0;0;1;0;0;0;0;0;0;0;1;0;0
War of the Worlds, The (1953);Action|Drama|Sci-Fi;D;1;0;0;0;0;0;0;0;0;0;0;0;0;0;0;0;1;1;0
Buena Vista Social Club (1999);Documentary|Musical;A;0;0;0;0;0;0;0;1;0;0;0;0;0;1;0;0;0;0;0
Big Daddy (1999);Comedy;D;0;0;0;0;0;0;1;0;0;0;0;0;0;0;0;0;0;0;0
South Park: Bigger, Longer and Uncut (1999);Animation|Comedy|Musical;C;0;0;0;0;0;0;1;1;0;1;0;0;0;0;0;0;0;0;0
Blair Witch Project, The (1999);Drama|Horror|Thriller;E;0;0;0;0;0;0;0;0;1;0;0;0;0;0;1;0;0;1;0
Ghostbusters II (1989);Comedy|Fantasy|Sci-Fi;D;0;0;0;0;1;0;1;0;0;0;0;0;0;0;0;0;1;0;0
Haunting, The (1999);Horror|Thriller;F;0;0;0;0;0;0;0;0;1;0;0;0;0;0;1;0;0;0;0
Mystery Men (1999);Action|Comedy|Fantasy;D;1;0;0;0;1;0;1;0;0;0;0;0;0;0;0;0;0;0;0
Iron Giant, The (1999);Adventure|Animation|Children|Drama|Sci-Fi;B;0;0;0;0;0;1;0;0;0;1;1;0;0;0;0;0;1;1;0
Sixth Sense, The (1999);Drama|Horror|Mystery;C;0;0;0;0;0;0;0;0;1;0;0;1;0;0;0;0;0;1;0
Cat's Eye (1985);Horror;E;0;0;0;0;0;0;0;0;1;0;0;0;0;0;0;0;0;0;0
Big (1988);Comedy|Drama|Fantasy|Romance;C;0;0;0;0;1;0;1;0;0;0;0;0;1;0;0;0;0;1;0
Oscar and Lucinda (a.k.a. Oscar & Lucinda) (1997);Drama|Romance;A;0;0;0;0;0;0;0;0;0;0;0;0;1;0;0;0;0;1;0
Pelican Brief, The (1993);Crime|Drama|Mystery|Romance|Thriller;E;0;0;0;1;0;0;0;0;0;0;0;1;1;0;1;0;0;1;0
Hard Day's Night, A (1964);Adventure|Comedy|Musical;C;0;0;0;0;0;0;1;1;0;0;1;0;0;0;0;0;0;0;0
Sanjuro (Tsubaki Sanjûrô) (1962);Action|Adventure|Drama;A;1;0;0;0;0;0;0;0;0;0;1;0;0;0;0;0;0;1;0
Gilda (1946);Drama|Film-Noir|Mystery|Romance;B;0;1;0;0;0;0;0;0;0;0;0;1;1;0;0;0;0;1;0
South Pacific (1958);Musical|Romance|War;C;0;0;0;0;0;0;0;1;0;0;0;0;1;0;0;1;0;0;0
Fistful of Dollars, A (Per un pugno di dollari) (1964);Action|Western;C;1;0;0;0;0;0;0;0;0;0;0;0;0;0;0;0;0;0;1
Fight Club (1999);Action|Crime|Drama|Thriller;A;1;0;0;1;0;0;0;0;0;0;0;0;0;0;1;0;0;1;0
Who Framed Roger Rabbit? (1988);Adventure|Animation|Children|Comedy|Crime|Fantasy|Mystery;C;0;0;0;1;1;1;1;0;0;1;1;1;0;0;0;0;0;0;0
Princess Mononoke (Mononoke-hime) (1997);Action|Adventure|Animation|Drama|Fantasy;C;1;0;0;0;1;0;0;0;0;1;1;0;0;0;0;0;0;1;0
Yojimbo (1961);Action|Adventure;B;1;0;0;0;0;0;0;0;0;0;1;0;0;0;0;0;0;0;0
Meatballs (1979);Comedy;D;0;0;0;0;0;0;1;0;0;0;0;0;0;0;0;0;0;0;0
Dead Again (1991);Mystery|Romance|Thriller;C;0;0;0;0;0;0;0;0;0;0;0;1;1;0;1;0;0;0;0
Sleepy Hollow (1999);Fantasy|Horror|Mystery|Romance;C;0;0;0;0;1;0;0;0;1;0;0;1;1;0;0;0;0;0;0
Scrooged (1988);Comedy|Fantasy|Romance;D;0;0;0;0;1;0;1;0;0;0;0;0;1;0;0;0;0;0;0
Fatal Attraction (1987);Drama|Thriller;D;0;0;0;0;0;0;0;0;0;0;0;0;0;0;1;0;0;1;0
Fisher King, The (1991);Comedy|Drama|Fantasy|Romance;C;0;0;0;0;1;0;1;0;0;0;0;0;1;0;0;0;0;1;0
Places in the Heart (1984);Drama;A;0;0;0;0;0;0;0;0;0;0;0;0;0;0;0;0;0;1;0
Toy Story 2 (1999);Adventure|Animation|Children|Comedy|Fantasy;C;0;0;0;0;1;1;1;0;0;1;1;0;0;0;0;0;0;0;0
Last Picture Show, The (1971);Drama;A;0;0;0;0;0;0;0;0;0;0;0;0;0;0;0;0;0;1;0
Sister Act (1992);Comedy|Crime;D;0;0;0;1;0;0;1;0;0;0;0;0;0;0;0;0;0;0;0
Death Becomes Her (1992);Comedy|Fantasy;E;0;0;0;0;1;0;1;0;0;0;0;0;0;0;0;0;0;0;0
Far and Away (1992);Adventure|Drama|Romance;D;0;0;0;0;0;0;0;0;0;0;1;0;1;0;0;0;0;1;0
Man Bites Dog (C'est arrivé près de chez vous) (1992);Comedy|Crime|Drama|Thriller;A;0;0;0;1;0;0;1;0;0;0;0;0;0;0;1;0;0;1;0
Scream 3 (2000);Comedy|Horror|Mystery|Thriller;E;0;0;0;0;0;0;1;0;1;0;0;1;0;0;1;0;0;0;0
Splendor in the Grass (1961);Drama|Romance;A;0;0;0;0;0;0;0;0;0;0;0;0;1;0;0;0;0;1;0
...And Justice for All (1979);Drama|Thriller;D;0;0;0;0;0;0;0;0;0;0;0;0;0;0;1;0;0;1;0
Creature Comforts (1989);Animation|Comedy;A;0;0;0;0;0;0;1;0;0;1;0;0;0;0;0;0;0;0;0
Guess Who's Coming to Dinner (1967);Drama;A;0;0;0;0;0;0;0;0;0;0;0;0;0;0;0;0;0;1;0
Lord of the Flies (1963);Adventure|Drama|Thriller;D;0;0;0;0;0;0;0;0;0;0;1;0;0;0;1;0;0;1;0
Hustler, The (1961);Drama;A;0;0;0;0;0;0;0;0;0;0;0;0;0;0;0;0;0;1;0
Place in the Sun, A (1951);Drama|Romance;A;0;0;0;0;0;0;0;0;0;0;0;0;1;0;0;0;0;1;0
Gold Rush, The (1925);Adventure|Comedy|Romance;B;0;0;0;0;0;0;1;0;0;0;1;0;1;0;0;0;0;0;0
White Christmas (1954);Comedy|Musical|Romance;B;0;0;0;0;0;0;1;1;0;0;0;0;1;0;0;0;0;0;0
Conversation, The (1974);Drama|Mystery;B;0;0;0;0;0;0;0;0;0;0;0;1;0;0;0;0;0;1;0
Anatomy of a Murder (1959);Drama|Mystery;B;0;0;0;0;0;0;0;0;0;0;0;1;0;0;0;0;0;1;0
Invisible Man, The (1933);Horror|Sci-Fi;C;0;0;0;0;0;0;0;0;1;0;0;0;0;0;0;0;1;0;0
Two Family House (2000);Drama;A;0;0;0;0;0;0;0;0;0;0;0;0;0;0;0;0;0;1;0
How the Grinch Stole Christmas (a.k.a. The Grinch) (2000);Children|Comedy|Fantasy;D;0;0;0;0;1;1;1;0;0;0;0;0;0;0;0;0;0;0;0
Unbreakable (2000);Drama|Sci-Fi;C;0;0;0;0;0;0;0;0;0;0;0;0;0;0;0;0;1;1;0
Crouching Tiger, Hidden Dragon (Wo hu cang long) (2000);Action|Drama|Romance;C;1;0;0;0;0;0;0;0;0;0;0;0;1;0;0;0;0;1;0
Dude, Where's My Car? (2000);Comedy|Sci-Fi;E;0;0;0;0;0;0;1;0;0;0;0;0;0;0;0;0;1;0;0
House of Mirth, The (2000);Romance;F;0;0;0;0;0;0;0;0;0;0;0;0;1;0;0;0;0;0;0
Miss Congeniality (2000);Comedy|Crime;D;0;0;0;1;0;0;1;0;0;0;0;0;0;0;0;0;0;0;0
O Brother, Where Art Thou? (2000);Adventure|Comedy|Crime;C;0;0;0;1;0;0;1;0;0;0;1;0;0;0;0;0;0;0;0
Evil Dead, The (1981);Fantasy|Horror|Thriller;C;0;0;0;0;1;0;0;0;1;0;0;0;0;0;1;0;0;0;0
Hope and Glory (1987);Drama;A;0;0;0;0;0;0;0;0;0;0;0;0;0;0;0;0;0;1;0
My Demon Lover (1987);Comedy|Horror;H;0;0;0;0;0;0;1;0;1;0;0;0;0;0;0;0;0;0;0
Series 7: The Contenders (2001);Action|Drama;E;1;0;0;0;0;0;0;0;0;0;0;0;0;0;0;0;0;1;0
Manhunter (1986);Action|Crime|Drama|Horror|Thriller;C;1;0;0;1;0;0;0;0;1;0;0;0;0;0;1;0;0;1;0
Memento (2000);Mystery|Thriller;B;0;0;0;0;0;0;0;0;0;0;0;1;0;0;1;0;0;0;0
Spy Kids (2001);Action|Adventure|Children|Comedy;E;1;0;0;0;0;1;1;0;0;0;1;0;0;0;0;0;0;0;0
Scarface (1983);Action|Crime|Drama;C;1;0;0;1;0;0;0;0;0;0;0;0;0;0;0;0;0;1;0
Shrek (2001);Adventure|Animation|Children|Comedy|Fantasy|Romance;C;0;0;0;0;1;1;1;0;0;1;1;0;1;0;0;0;0;0;0
Throw Momma from the Train (1987);Comedy|Crime;D;0;0;0;1;0;0;1;0;0;0;0;0;0;0;0;0;0;0;0
Faust (1926);Drama|Fantasy|Horror;B;0;0;0;0;1;0;0;0;1;0;0;0;0;0;0;0;0;1;0
Final Fantasy: The Spirits Within (2001);Adventure|Animation|Fantasy|Sci-Fi;C;0;0;0;0;1;0;0;0;0;1;1;0;0;0;0;0;1;0;0
More (1998);Animation|Drama|Sci-Fi|IMAX;A;0;0;1;0;0;0;0;0;0;1;0;0;0;0;0;0;1;1;0
Crossing Delancey (1988);Comedy|Romance;A;0;0;0;0;0;0;1;0;0;0;0;0;1;0;0;0;0;0;0
My Stepmother Is an Alien (1988);Comedy|Romance|Sci-Fi;D;0;0;0;0;0;0;1;0;0;0;0;0;1;0;0;0;1;0;0
Running on Empty (1988);Drama;A;0;0;0;0;0;0;0;0;0;0;0;0;0;0;0;0;0;1;0
Tetsuo, the Ironman (Tetsuo) (1988);Action|Horror|Sci-Fi|Thriller;C;1;0;0;0;0;0;0;0;1;0;0;0;0;0;1;0;1;0;0
Jesus of Montreal (Jésus de Montréal) (1989);Drama;A;0;0;0;0;0;0;0;0;0;0;0;0;0;0;0;0;0;1;0
Jurassic Park III (2001);Action|Adventure|Sci-Fi|Thriller;E;1;0;0;0;0;0;0;0;0;0;1;0;0;0;1;0;1;0;0
Turner & Hooch (1989);Comedy|Crime;D;0;0;0;1;0;0;1;0;0;0;0;0;0;0;0;0;0;0;0
K-PAX (2001);Drama|Fantasy|Mystery|Sci-Fi;C;0;0;0;0;1;0;0;0;0;0;0;1;0;0;0;0;1;1;0
Harry Potter and the Sorcerer's Stone (a.k.a. Harry Potter and the Philosopher's Stone) (2001);Adventure|Children|Fantasy;C;0;0;0;0;1;1;0;0;0;0;1;0;0;0;0;0;0;0;0
Devil's Backbone, The (Espinazo del diablo, El) (2001);Drama|Fantasy|Horror|Thriller|War;C;0;0;0;0;1;0;0;0;1;0;0;0;0;0;1;1;0;1;0
And Then There Were None (1945);Crime|Mystery;C;0;0;0;1;0;0;0;0;0;0;0;1;0;0;0;0;0;0;0
Bill & Ted's Bogus Journey (1991);Adventure|Comedy|Fantasy|Sci-Fi;D;0;0;0;0;1;0;1;0;0;0;1;0;0;0;0;0;1;0;0
Lord of the Rings: The Fellowship of the Ring, The (2001);Adventure|Fantasy;B;0;0;0;0;1;0;0;0;0;0;1;0;0;0;0;0;0;0;0
Defiant Ones, The (1958);Adventure|Crime|Drama|Thriller;C;0;0;0;1;0;0;0;0;0;0;1;0;0;0;1;0;0;1;0
Witness for the Prosecution (1957);Drama|Mystery|Thriller;A;0;0;0;0;0;0;0;0;0;0;0;1;0;0;1;0;0;1;0
Yentl (1983);Drama|Musical|Romance;B;0;0;0;0;0;0;0;1;0;0;0;0;1;0;0;0;0;1;0
The Count of Monte Cristo (2002);Action|Adventure|Drama|Thriller;C;1;0;0;0;0;0;0;0;0;0;1;0;0;0;1;0;0;1;0
Going Places (Valseuses, Les) (1974);Comedy|Crime|Drama;A;0;0;0;1;0;0;1;0;0;0;0;0;0;0;0;0;0;1;0
Sleuth (1972);Comedy|Mystery|Thriller;B;0;0;0;0;0;0;1;0;0;0;0;1;0;0;1;0;0;0;0
Promises (2001);Documentary;A;0;0;0;0;0;0;0;0;0;0;0;0;0;1;0;0;0;0;0
Blade II (2002);Action|Horror|Thriller;D;1;0;0;0;0;0;0;0;1;0;0;0;0;0;1;0;0;0;0
Enigma (2001);Romance|Thriller;D;0;0;0;0;0;0;0;0;0;0;0;0;1;0;1;0;0;0;0
Believer, The (2001);Drama;A;0;0;0;0;0;0;0;0;0;0;0;0;0;0;0;0;0;1;0
Insomnia (2002);Action|Crime|Drama|Mystery|Thriller;C;1;0;0;1;0;0;0;0;0;0;0;1;0;0;1;0;0;1;0
84 Charing Cross Road (1987);Drama|Romance;A;0;0;0;0;0;0;0;0;0;0;0;0;1;0;0;0;0;1;0
Minority Report (2002);Action|Crime|Mystery|Sci-Fi|Thriller;C;1;0;0;1;0;0;0;0;0;0;0;1;0;0;1;0;1;0;0
Lovely & Amazing (2001);Comedy|Drama|Romance;D;0;0;0;0;0;0;1;0;0;0;0;0;1;0;0;0;0;1;0
Pumpkin (2002);Comedy|Drama|Romance;D;0;0;0;0;0;0;1;0;0;0;0;0;1;0;0;0;0;1;0
Men in Black II (a.k.a. MIIB) (a.k.a. MIB 2) (2002);Action|Comedy|Sci-Fi;E;1;0;0;0;0;0;1;0;0;0;0;0;0;0;0;0;1;0;0
The Importance of Being Earnest (1952);Comedy|Romance;A;0;0;0;0;0;0;1;0;0;0;0;0;1;0;0;0;0;0;0
Red Beard (Akahige) (1965);Drama;A;0;0;0;0;0;0;0;0;0;0;0;0;0;0;0;0;0;1;0
Signs (2002);Horror|Sci-Fi|Thriller;D;0;0;0;0;0;0;0;0;1;0;0;0;0;0;1;0;1;0;0
Down and Out in Beverly Hills (1986);Comedy;D;0;0;0;0;0;0;1;0;0;0;0;0;0;0;0;0;0;0;0
Yearling, The (1946);Children|Drama;B;0;0;0;0;0;1;0;0;0;0;0;0;0;0;0;0;0;1;0
Spirited Away (Sen to Chihiro no kamikakushi) (2001);Adventure|Animation|Fantasy;B;0;0;0;0;1;0;0;0;0;1;1;0;0;0;0;0;0;0;0
Jonah: A VeggieTales Movie (2002);Animation|Children|Musical;F;0;0;0;0;0;1;0;1;0;1;0;0;0;0;0;0;0;0;0
Real Women Have Curves (2002);Comedy|Drama;A;0;0;0;0;0;0;1;0;0;0;0;0;0;0;0;0;0;1;0
Grave of the Fireflies (Hotaru no haka) (1988);Animation|Drama|War;B;0;0;0;0;0;0;0;0;0;1;0;0;0;0;0;1;0;1;0
Gallipoli (1981);Drama|War;A;0;0;0;0;0;0;0;0;0;0;0;0;0;0;0;1;0;1;0
Zulu (1964);Action|Drama|War;B;1;0;0;0;0;0;0;0;0;0;0;0;0;0;0;1;0;1;0
Lord of the Rings: The Two Towers, The (2002);Adventure|Fantasy;B;0;0;0;0;1;0;0;0;0;0;1;0;0;0;0;0;0;0;0
My Neighbor Totoro (Tonari no Totoro) (1988);Animation|Children|Drama|Fantasy;C;0;0;0;0;1;1;0;0;0;1;0;0;0;0;0;0;0;1;0
Chicago (2002);Comedy|Crime|Drama|Musical;C;0;0;0;1;0;0;1;1;0;0;0;0;0;0;0;0;0;1;0
City of God (Cidade de Deus) (2002);Action|Adventure|Crime|Drama|Thriller;B;1;0;0;1;0;0;0;0;0;0;1;0;0;0;1;0;0;1;0
All the Real Girls (2003);Drama|Romance;A;0;0;0;0;0;0;0;0;0;0;0;0;1;0;0;0;0;1;0
Lady Jane (1986);Drama|Romance;A;0;0;0;0;0;0;0;0;0;0;0;0;1;0;0;0;0;1;0
Born Free (1966);Adventure|Children|Drama;B;0;0;0;0;0;1;0;0;0;0;1;0;0;0;0;0;0;1;0
Europa Europa (Hitlerjunge Salomon) (1990);Drama|War;A;0;0;0;0;0;0;0;0;0;0;0;0;0;0;0;1;0;1;0
Awful Truth, The (1937);Comedy|Romance;A;0;0;0;0;0;0;1;0;0;0;0;0;1;0;0;0;0;0;0
Stevie (2002);Documentary;A;0;0;0;0;0;0;0;0;0;0;0;0;0;1;0;0;0;0;0
Phone Booth (2002);Drama|Thriller;D;0;0;0;0;0;0;0;0;0;0;0;0;0;0;1;0;0;1;0
Cowboy Bebop: The Movie (Cowboy Bebop: Tengoku no Tobira) (2001);Action|Animation|Sci-Fi|Thriller;C;1;0;0;0;0;0;0;0;0;1;0;0;0;0;1;0;1;0;0
House of 1000 Corpses (2003);Horror;E;0;0;0;0;0;0;0;0;1;0;0;0;0;0;0;0;0;0;0
Holes (2003);Adventure|Children|Comedy|Mystery;C;0;0;0;0;0;1;1;0;0;0;1;1;0;0;0;0;0;0;0
Fahrenheit 451 (1966);Drama|Sci-Fi;C;0;0;0;0;0;0;0;0;0;0;0;0;0;0;0;0;1;1;0
Legal Eagles (1986);Comedy|Crime|Romance;E;0;0;0;1;0;0;1;0;0;0;0;0;1;0;0;0;0;0;0
Identity (2003);Crime|Horror|Mystery|Thriller;C;0;0;0;1;0;0;0;0;1;0;0;1;0;0;1;0;0;0;0
Laputa: Castle in the Sky (Tenkû no shiro Rapyuta) (1986);Action|Adventure|Animation|Children|Fantasy|Sci-Fi;B;1;0;0;0;1;1;0;0;0;1;1;0;0;0;0;0;1;0;0
Bruce Almighty (2003);Comedy|Drama|Fantasy|Romance;C;0;0;0;0;1;0;1;0;0;0;0;0;1;0;0;0;0;1;0
Finding Nemo (2003);Adventure|Animation|Children|Comedy;C;0;0;0;0;0;1;1;0;0;1;1;0;0;0;0;0;0;0;0
Shenandoah (1965);Drama|War|Western;B;0;0;0;0;0;0;0;0;0;0;0;0;0;0;0;1;0;1;1
28 Days Later (2002);Action|Horror|Sci-Fi;C;1;0;0;0;0;0;0;0;1;0;0;0;0;0;0;0;1;0;0
You Only Live Once (1937);Crime|Film-Noir;A;0;1;0;1;0;0;0;0;0;0;0;0;0;0;0;0;0;0;0
Pirates of the Caribbean: The Curse of the Black Pearl (2003);Action|Adventure|Comedy|Fantasy;C;1;0;0;0;1;0;1;0;0;0;1;0;0;0;0;0;0;0;0
League of Extraordinary Gentlemen, The (a.k.a. LXG) (2003);Action|Fantasy|Sci-Fi;E;1;0;0;0;1;0;0;0;0;0;0;0;0;0;0;0;1;0;0
I Capture the Castle (2003);Drama|Romance;A;0;0;0;0;0;0;0;0;0;0;0;0;1;0;0;0;0;1;0
Northfork (2003);Drama|Fantasy;E;0;0;0;0;1;0;0;0;0;0;0;0;0;0;0;0;0;1;0
Lara Croft Tomb Raider: The Cradle of Life (2003);Action|Adventure|Comedy|Romance|Thriller;E;1;0;0;0;0;0;1;0;0;0;1;0;1;0;1;0;0;0;0
Magdalene Sisters, The (2002);Drama;A;0;0;0;0;0;0;0;0;0;0;0;0;0;0;0;0;0;1;0
Double Life, A (1947);Crime|Drama|Film-Noir;E;0;1;0;1;0;0;0;0;0;0;0;0;0;0;0;0;0;1;0
Red Shoes, The (1948);Drama|Fantasy|Musical|Romance;C;0;0;0;0;1;0;0;1;0;0;0;0;1;0;0;0;0;1;0
Millennium Actress (Sennen joyû) (2001);Animation|Drama|Romance;C;0;0;0;0;0;0;0;0;0;1;0;0;1;0;0;0;0;1;0
Triplets of Belleville, The (Les triplettes de Belleville) (2003);Animation|Comedy|Fantasy;C;0;0;0;0;1;0;1;0;0;1;0;0;0;0;0;0;0;0;0
Lagaan: Once Upon a Time in India (2001);Comedy|Drama|Musical|Romance;B;0;0;0;0;0;0;1;1;0;0;0;0;1;0;0;0;0;1;0
Seven Brides for Seven Brothers (1954);Comedy|Musical|Romance|Western;C;0;0;0;0;0;0;1;1;0;0;0;0;1;0;0;0;0;0;1
Babette's Feast (Babettes gæstebud) (1987);Drama;A;0;0;0;0;0;0;0;0;0;0;0;0;0;0;0;0;0;1;0
Come and See (Idi i smotri) (1985);Drama|War;A;0;0;0;0;0;0;0;0;0;0;0;0;0;0;0;1;0;1;0
Devil's Playground (2002);Documentary;A;0;0;0;0;0;0;0;0;0;0;0;0;0;1;0;0;0;0;0
WarGames (1983);Drama|Sci-Fi|Thriller;C;0;0;0;0;0;0;0;0;0;0;0;0;0;0;1;0;1;1;0
Night of the Hunter, The (1955);Drama|Film-Noir|Thriller;B;0;1;0;0;0;0;0;0;0;0;0;0;0;0;1;0;0;1;0
Battle Royale (Batoru rowaiaru) (2000);Action|Drama|Horror|Thriller;C;1;0;0;0;0;0;0;0;1;0;0;0;0;0;1;0;0;1;0
Roberta (1935);Comedy|Musical|Romance;B;0;0;0;0;0;0;1;1;0;0;0;0;1;0;0;0;0;0;0
Swing Time (1936);Comedy|Musical|Romance;B;0;0;0;0;0;0;1;1;0;0;0;0;1;0;0;0;0;0;0
Red River (1948);Action|Adventure|Western;B;1;0;0;0;0;0;0;0;0;0;1;0;0;0;0;0;0;0;1
Woman Under the Influence, A (1974);Drama;A;0;0;0;0;0;0;0;0;0;0;0;0;0;0;0;0;0;1;0
Shot in the Dark, A (1964);Comedy|Crime|Mystery;E;0;0;0;1;0;0;1;0;0;0;0;1;0;0;0;0;0;0;0
Passage to India, A (1984);Adventure|Drama;B;0;0;0;0;0;0;0;0;0;0;1;0;0;0;0;0;0;1;0
Adam's Rib (1949);Comedy|Romance;A;0;0;0;0;0;0;1;0;0;0;0;0;1;0;0;0;0;0;0
Night at the Opera, A (1935);Comedy|Musical|Romance;B;0;0;0;0;0;0;1;1;0;0;0;0;1;0;0;0;0;0;0
Big Fish (2003);Drama|Fantasy|Romance;C;0;0;0;0;1;0;0;0;0;0;0;0;1;0;0;0;0;1;0
Lord of the Rings: The Return of the King, The (2003);Action|Adventure|Drama|Fantasy;B;1;0;0;0;1;0;0;0;0;0;1;0;0;0;0;0;0;1;0
Fog of War: Eleven Lessons from the Life of Robert S. McNamara, The (2003);Documentary|War;A;0;0;0;0;0;0;0;0;0;0;0;0;0;1;0;1;0;0;0
I Was a Male War Bride (1949);Comedy|Romance;A;0;0;0;0;0;0;1;0;0;0;0;0;1;0;0;0;0;0;0
Dark Passage (1947);Crime|Drama|Film-Noir|Romance|Thriller;B;0;1;0;1;0;0;0;0;0;0;0;0;1;0;1;0;0;1;0
Strada, La (1954);Drama;A;0;0;0;0;0;0;0;0;0;0;0;0;0;0;0;0;0;1;0
The Butterfly Effect (2004);Drama|Sci-Fi|Thriller;C;0;0;0;0;0;0;0;0;0;0;0;0;0;0;1;0;1;1;0
Touching the Void (2003);Adventure|Documentary;B;0;0;0;0;0;0;0;0;0;0;1;0;0;1;0;0;0;0;0
Eternal Sunshine of the Spotless Mind (2004);Drama|Romance|Sci-Fi;B;0;0;0;0;0;0;0;0;0;0;0;0;1;0;0;0;1;1;0
I'm Not Scared (Io non ho paura) (2003);Drama|Mystery|Thriller;A;0;0;0;0;0;0;0;0;0;0;0;1;0;0;1;0;0;1;0
13 Going on 30 (2004);Comedy|Fantasy|Romance;D;0;0;0;0;1;0;1;0;0;0;0;0;1;0;0;0;0;0;0
Wit (2001);Drama;A;0;0;0;0;0;0;0;0;0;0;0;0;0;0;0;0;0;1;0
Oklahoma! (1955);Musical|Romance|Western;A;0;0;0;0;0;0;0;1;0;0;0;0;1;0;0;0;0;0;1
Rose Red (2002);Horror|Mystery|Thriller;D;0;0;0;0;0;0;0;0;1;0;0;1;0;0;1;0;0;0;0
Babylon 5: In the Beginning (1998);Adventure|Sci-Fi;E;0;0;0;0;0;0;0;0;0;0;1;0;0;0;0;0;1;0;0
Wages of Fear, The (Salaire de la peur, Le) (1953);Action|Adventure|Drama|Thriller;C;1;0;0;0;0;0;0;0;0;0;1;0;0;0;1;0;0;1;0
Cat People (1942);Drama|Horror|Romance|Thriller;B;0;0;0;0;0;0;0;0;1;0;0;0;1;0;1;0;0;1;0
Camelot (1967);Drama|Musical|Romance;B;0;0;0;0;0;0;0;1;0;0;0;0;1;0;0;0;0;1;0
Throne of Blood (Kumonosu jô) (1957);Action|Drama|Thriller|War;B;1;0;0;0;0;0;0;0;0;0;0;0;0;0;1;1;0;1;0
Another Thin Man (1939);Comedy|Crime|Drama|Mystery|Romance;C;0;0;0;1;0;0;1;0;0;0;0;1;1;0;0;0;0;1;0
After the Thin Man (1936);Comedy|Crime|Mystery|Romance;E;0;0;0;1;0;0;1;0;0;0;0;1;1;0;0;0;0;0;0
Song of the Thin Man (1947);Comedy|Crime|Drama|Musical|Mystery|Romance;C;0;0;0;1;0;0;1;1;0;0;0;1;1;0;0;0;0;1;0
High and Low (Tengoku to jigoku) (1963);Crime|Drama|Film-Noir|Thriller;B;0;1;0;1;0;0;0;0;0;0;0;0;0;0;1;0;0;1;0
Infernal Affairs (Mou gaan dou) (2002);Crime|Drama|Thriller;A;0;0;0;1;0;0;0;0;0;0;0;0;0;0;1;0;0;1;0
Spring, Summer, Fall, Winter... and Spring (Bom yeoreum gaeul gyeoul geurigo bom) (2003);Drama;A;0;0;0;0;0;0;0;0;0;0;0;0;0;0;0;0;0;1;0
Dark Water (Honogurai mizu no soko kara) (2002);Drama|Horror|Mystery|Thriller;B;0;0;0;0;0;0;0;0;1;0;0;1;0;0;1;0;0;1;0
Bad Day at Black Rock (1955);Drama|Thriller|Western;C;0;0;0;0;0;0;0;0;0;0;0;0;0;0;1;0;0;1;1
Captain Blood (1935);Action|Adventure|Romance;B;1;0;0;0;0;0;0;0;0;0;1;0;1;0;0;0;0;0;0
Americanization of Emily, The (1964);Comedy|Drama|War;B;0;0;0;0;0;0;1;0;0;0;0;0;0;0;0;1;0;1;0
Hiroshima Mon Amour (1959);Drama|Romance|War;B;0;0;0;0;0;0;0;0;0;0;0;0;1;0;0;1;0;1;0
Day of the Jackal, The (1973);Crime|Thriller;B;0;0;0;1;0;0;0;0;0;0;0;0;0;0;1;0;0;0;0
Maltese Falcon, The (a.k.a. Dangerous Female) (1931);Mystery;C;0;0;0;0;0;0;0;0;0;0;0;1;0;0;0;0;0;0;0
Safety Last! (1923);Action|Comedy|Romance;B;1;0;0;0;0;0;1;0;0;0;0;0;1;0;0;0;0;0;0
Purple Rain (1984);Drama|Musical;E;0;0;0;0;0;0;0;1;0;0;0;0;0;0;0;0;0;1;0
Oliver Twist (1948);Adventure|Crime|Drama;C;0;0;0;1;0;0;0;0;0;0;1;0;0;0;0;0;0;1;0
Shrek 2 (2004);Adventure|Animation|Children|Comedy|Musical|Romance;C;0;0;0;0;0;1;1;1;0;1;1;0;1;0;0;0;0;0;0
Harry Potter and the Prisoner of Azkaban (2004);Adventure|Fantasy|IMAX;C;0;0;1;0;1;0;0;0;0;0;1;0;0;0;0;0;0;0;0
Super Size Me (2004);Comedy|Documentary|Drama;C;0;0;0;0;0;0;1;0;0;0;0;0;0;1;0;0;0;1;0
Jetée, La (1962);Romance|Sci-Fi;A;0;0;0;0;0;0;0;0;0;0;0;0;1;0;0;0;1;0;0
Freaks (1932);Crime|Drama|Horror;D;0;0;0;1;0;0;0;0;1;0;0;0;0;0;0;0;0;1;0
Into the Woods (1991);Adventure|Comedy|Fantasy|Musical;A;0;0;0;0;1;0;1;1;0;0;1;0;0;0;0;0;0;0;0
Tokyo Godfathers (2003);Adventure|Animation|Drama;C;0;0;0;0;0;0;0;0;0;1;1;0;0;0;0;0;0;1;0
Bachelor and the Bobby-Soxer, The (1947);Comedy;D;0;0;0;0;0;0;1;0;0;0;0;0;0;0;0;0;0;0;0
Night and Day (1946);Drama|Musical;E;0;0;0;0;0;0;0;1;0;0;0;0;0;0;0;0;0;1;0
Funny Thing Happened on the Way to the Forum, A (1966);Comedy|Musical;D;0;0;0;0;0;0;1;1;0;0;0;0;0;0;0;0;0;0;0
Bill Cosby, Himself (1983);Comedy|Documentary;B;0;0;0;0;0;0;1;0;0;0;0;0;0;1;0;0;0;0;0
Primer (2004);Drama|Sci-Fi;C;0;0;0;0;0;0;0;0;0;0;0;0;0;0;0;0;1;1;0
Saw (2004);Horror|Mystery|Thriller;D;0;0;0;0;0;0;0;0;1;0;0;1;0;0;1;0;0;0;0
Incredibles, The (2004);Action|Adventure|Animation|Children|Comedy;C;1;0;0;0;0;1;1;0;0;1;1;0;0;0;0;0;0;0;0
House of Flying Daggers (Shi mian mai fu) (2004);Action|Drama|Romance;C;1;0;0;0;0;0;0;0;0;0;0;0;1;0;0;0;0;1;0
Control Room (2004);Documentary|War;A;0;0;0;0;0;0;0;0;0;0;0;0;0;1;0;1;0;0;0
Andalusian Dog, An (Chien andalou, Un) (1929);Fantasy;A;0;0;0;0;1;0;0;0;0;0;0;0;0;0;0;0;0;0;0
Letter, The (1940);Drama|Film-Noir;B;0;1;0;0;0;0;0;0;0;0;0;0;0;0;0;0;0;1;0
Lady from Shanghai, The (1947);Drama|Film-Noir|Mystery;C;0;1;0;0;0;0;0;0;0;0;0;1;0;0;0;0;0;1;0
Battle of Algiers, The (La battaglia di Algeri) (1966);Drama|War;A;0;0;0;0;0;0;0;0;0;0;0;0;0;0;0;1;0;1;0
Duel (1971);Action|Mystery|Thriller;D;1;0;0;0;0;0;0;0;0;0;0;1;0;0;1;0;0;0;0
Kiki's Delivery Service (Majo no takkyûbin) (1989);Adventure|Animation|Children|Drama|Fantasy;B;0;0;0;0;1;1;0;0;0;1;1;0;0;0;0;0;0;1;0
Begotten (1990);Drama|Horror;I;0;0;0;0;0;0;0;0;1;0;0;0;0;0;0;0;0;1;0
Porco Rosso (Crimson Pig) (Kurenai no buta) (1992);Adventure|Animation|Comedy|Fantasy|Romance;C;0;0;0;0;1;0;1;0;0;1;1;0;1;0;0;0;0;0;0
Neon Genesis Evangelion: The End of Evangelion (Shin seiki Evangelion Gekijô-ban: Air/Magokoro wo, kimi ni) (1997);Action|Animation|Drama|Fantasy|Sci-Fi;A;1;0;0;0;1;0;0;0;0;1;0;0;0;0;0;0;1;1;0
Animatrix, The (2003);Action|Animation|Drama|Sci-Fi;C;1;0;0;0;0;0;0;0;0;1;0;0;0;0;0;0;1;1;0
Lemony Snicket's A Series of Unfortunate Events (2004);Adventure|Children|Comedy|Fantasy;D;0;0;0;0;1;1;1;0;0;0;1;0;0;0;0;0;0;0;0
Old Boy (2003);Mystery|Thriller;B;0;0;0;0;0;0;0;0;0;0;0;1;0;0;1;0;0;0;0
Millions (2004);Children|Comedy|Crime|Drama|Fantasy;C;0;0;0;1;1;1;1;0;0;0;0;0;0;0;0;0;0;1;0
Story of the Weeping Camel, The (Geschichte vom weinenden Kamel, Die) (2003);Documentary|Drama;B;0;0;0;0;0;0;0;0;0;0;0;0;0;1;0;0;0;1;0
Return, The (Vozvrashcheniye) (2003);Drama;A;0;0;0;0;0;0;0;0;0;0;0;0;0;0;0;0;0;1;0
Charlie and the Chocolate Factory (2005);Adventure|Children|Comedy|Fantasy|IMAX;D;0;0;1;0;1;1;1;0;0;0;1;0;0;0;0;0;0;0;0
Meet the Fockers (2004);Comedy;D;0;0;0;0;0;0;1;0;0;0;0;0;0;0;0;0;0;0;0
I Remember Mama (1948);Children|Drama;B;0;0;0;0;0;1;0;0;0;0;0;0;0;0;0;0;0;1;0
Nobody Knows (Dare mo shiranai) (2004);Drama;A;0;0;0;0;0;0;0;0;0;0;0;0;0;0;0;0;0;1;0
Howl's Moving Castle (Hauru no ugoku shiro) (2004);Adventure|Animation|Fantasy|Romance;B;0;0;0;0;1;0;0;0;0;1;1;0;1;0;0;0;0;0;0
Three Musketeers, The (1973);Action|Adventure|Comedy;B;1;0;0;0;0;0;1;0;0;0;1;0;0;0;0;0;0;0;0
Wild Parrots of Telegraph Hill, The (2003);Documentary;A;0;0;0;0;0;0;0;0;0;0;0;0;0;1;0;0;0;0;0
Sin City (2005);Action|Crime|Film-Noir|Mystery|Thriller;C;1;1;0;1;0;0;0;0;0;0;0;1;0;0;1;0;0;0;0
Devil's Rejects, The (2005);Action|Crime|Horror;C;1;0;0;1;0;0;0;0;1;0;0;0;0;0;0;0;0;0;0
Lord of War (2005);Action|Crime|Drama|Thriller|War;C;1;0;0;1;0;0;0;0;0;0;0;0;0;0;1;1;0;1;0
Corpse Bride (2005);Animation|Comedy|Fantasy|Musical|Romance;C;0;0;0;0;1;0;1;1;0;1;0;0;1;0;0;0;0;0;0
Wallace & Gromit in The Curse of the Were-Rabbit (2005);Adventure|Animation|Children|Comedy;C;0;0;0;0;0;1;1;0;0;1;1;0;0;0;0;0;0;0;0
Kiss Kiss Bang Bang (2005);Comedy|Crime|Mystery|Thriller;B;0;0;0;1;0;0;1;0;0;0;0;1;0;0;1;0;0;0;0
Match Factory Girl, The (Tulitikkutehtaan tyttö) (1990);Comedy|Drama;A;0;0;0;0;0;0;1;0;0;0;0;0;0;0;0;0;0;1;0
Harry Potter and the Goblet of Fire (2005);Adventure|Fantasy|Thriller|IMAX;C;0;0;1;0;1;0;0;0;0;0;1;0;0;0;1;0;0;0;0
Chronicles of Narnia: The Lion, the Witch and the Wardrobe, The (2005);Adventure|Children|Fantasy;C;0;0;0;0;1;1;0;0;0;0;1;0;0;0;0;0;0;0;0
King Kong (2005);Action|Adventure|Drama|Fantasy|Thriller;C;1;0;0;0;1;0;0;0;0;0;1;0;0;0;1;0;0;1;0
Voices of a Distant Star (Hoshi no koe) (2003);Animation|Drama|Romance|Sci-Fi;A;0;0;0;0;0;0;0;0;0;1;0;0;1;0;0;0;1;1;0
Lady Vengeance (Sympathy for Lady Vengeance) (Chinjeolhan geumjassi) (2005);Crime|Drama|Mystery|Thriller;B;0;0;0;1;0;0;0;0;0;0;0;1;0;0;1;0;0;1;0
Reefer Madness: The Movie Musical (2005);Comedy|Drama|Musical;A;0;0;0;0;0;0;1;1;0;0;0;0;0;0;0;0;0;1;0
Lady in the Water (2006);Drama|Fantasy|Mystery;E;0;0;0;0;1;0;0;0;0;0;0;1;0;0;0;0;0;1;0
Night at the Museum (2006);Action|Comedy|Fantasy|IMAX;D;1;0;1;0;1;0;1;0;0;0;0;0;0;0;0;0;0;0;0
Stranger than Fiction (2006);Comedy|Drama|Fantasy|Romance;C;0;0;0;0;1;0;1;0;0;0;0;0;1;0;0;0;0;1;0
Illusionist, The (2006);Drama|Fantasy|Mystery|Romance;C;0;0;0;0;1;0;0;0;0;0;0;1;1;0;0;0;0;1;0
Pan's Labyrinth (Laberinto del fauno, El) (2006);Drama|Fantasy|Thriller;C;0;0;0;0;1;0;0;0;0;0;0;0;0;0;1;0;0;1;0
Departed, The (2006);Crime|Drama|Thriller;A;0;0;0;1;0;0;0;0;0;0;0;0;0;0;1;0;0;1;0
Deliver Us from Evil (2006);Documentary;A;0;0;0;0;0;0;0;0;0;0;0;0;0;1;0;0;0;0;0
Prestige, The (2006);Drama|Mystery|Sci-Fi|Thriller;B;0;0;0;0;0;0;0;0;0;0;0;1;0;0;1;0;1;1;0
Blood Diamond (2006);Action|Adventure|Crime|Drama|Thriller|War;C;1;0;0;1;0;0;0;0;0;0;1;0;0;0;1;1;0;1;0
Ratatouille (2007);Animation|Children|Drama;C;0;0;0;0;0;1;0;0;0;1;0;0;0;0;0;0;0;1;0
Hot Fuzz (2007);Action|Comedy|Crime|Mystery;B;1;0;0;1;0;0;1;0;0;0;0;1;0;0;0;0;0;0;0
Meet the Robinsons (2007);Action|Adventure|Animation|Children|Comedy|Sci-Fi;C;1;0;0;0;0;1;1;0;0;1;1;0;0;0;0;0;1;0;0
Invisible, The (2007);Crime|Drama|Fantasy|Mystery|Thriller;E;0;0;0;1;1;0;0;0;0;0;0;1;0;0;1;0;0;1;0
Paprika (Papurika) (2006);Animation|Mystery|Sci-Fi;C;0;0;0;0;0;0;0;0;0;1;0;1;0;0;0;0;1;0;0
Bug (2007);Drama|Horror|Thriller;E;0;0;0;0;0;0;0;0;1;0;0;0;0;0;1;0;0;1;0
Fido (2006);Comedy|Horror|Thriller;C;0;0;0;0;0;0;1;0;1;0;0;0;0;0;1;0;0;0;0
3:10 to Yuma (2007);Action|Crime|Drama|Western;B;1;0;0;1;0;0;0;0;0;0;0;0;0;0;0;0;0;1;1
Tekkonkinkreet (Tekkon kinkurîto) (2006);Action|Adventure|Animation|Crime|Fantasy;A;1;0;0;1;1;0;0;0;0;1;1;0;0;0;0;0;0;0;0
Elite Squad (Tropa de Elite) (2007);Action|Crime|Drama|Thriller;A;1;0;0;1;0;0;0;0;0;0;0;0;0;0;1;0;0;1;0
I Am Legend (2007);Action|Horror|Sci-Fi|Thriller|IMAX;C;1;0;1;0;0;0;0;0;1;0;0;0;0;0;1;0;1;0;0
There Will Be Blood (2007);Drama|Western;B;0;0;0;0;0;0;0;0;0;0;0;0;0;0;0;0;0;1;1
Cat Soup (Nekojiru-so) (2001);Adventure|Animation|Drama|Horror;B;0;0;0;0;0;0;0;0;1;1;1;0;0;0;0;0;0;1;0
Dark Knight, The (2008);Action|Crime|Drama|IMAX;B;1;0;1;1;0;0;0;0;0;0;0;0;0;0;0;0;0;1;0
Forbidden Kingdom, The (2008);Action|Adventure|Comedy|Fantasy;C;1;0;0;0;1;0;1;0;0;0;1;0;0;0;0;0;0;0;0
Son of Rambow (2007);Children|Comedy|Drama;A;0;0;0;0;0;1;1;0;0;0;0;0;0;0;0;0;0;1;0
Chronicles of Narnia: Prince Caspian, The (2008);Adventure|Children|Fantasy;C;0;0;0;0;1;1;0;0;0;0;1;0;0;0;0;0;0;0;0
WALL·E (2008);Adventure|Animation|Children|Romance|Sci-Fi;B;0;0;0;0;0;1;0;0;0;1;1;0;1;0;0;0;1;0;0
Hancock (2008);Action|Adventure|Comedy|Crime|Fantasy;D;1;0;0;1;1;0;1;0;0;0;1;0;0;0;0;0;0;0;0
Meet Dave (2008);Adventure|Children|Comedy|Romance|Sci-Fi;C;0;0;0;0;0;1;1;0;0;0;1;0;1;0;0;0;1;0;0
Vicky Cristina Barcelona (2008);Comedy|Drama|Romance;D;0;0;0;0;0;0;1;0;0;0;0;0;1;0;0;0;0;1;0
Pineapple Express (2008);Action|Comedy|Crime;C;1;0;0;1;0;0;1;0;0;0;0;0;0;0;0;0;0;0;0
FLCL (2000);Animation|Comedy|Fantasy|Sci-Fi;A;0;0;0;0;1;0;1;0;0;1;0;0;0;0;0;0;1;0;0
Twilight (2008);Drama|Fantasy|Romance|Thriller;E;0;0;0;0;1;0;0;0;0;0;0;0;1;0;1;0;0;1;0
Coraline (2009);Animation|Fantasy|Thriller;C;0;0;0;0;1;0;0;0;0;1;0;0;0;0;1;0;0;0;0
Dr. Horrible's Sing-Along Blog (2008);Comedy|Drama|Musical|Sci-Fi;C;0;0;0;0;0;0;1;1;0;0;0;0;0;0;0;0;1;1;0
Inglourious Basterds (2009);Action|Drama|War;B;1;0;0;0;0;0;0;0;0;0;0;0;0;0;0;1;0;1;0
Brothers Bloom, The (2008);Adventure|Comedy|Crime|Romance;A;0;0;0;1;0;0;1;0;0;0;1;0;1;0;0;0;0;0;0
Neon Genesis Evangelion: Death & Rebirth (Shin seiki Evangelion Gekijô-ban: Shito shinsei) (1997);Action|Animation|Mystery|Sci-Fi;B;1;0;0;0;0;0;0;0;0;1;0;1;0;0;0;0;1;0;0
Up (2009);Adventure|Animation|Children|Drama;B;0;0;0;0;0;1;0;0;0;1;1;0;0;0;0;0;0;1;0
Hurt Locker, The (2008);Action|Drama|Thriller|War;B;1;0;0;0;0;0;0;0;0;0;0;0;0;0;1;1;0;1;0
Transformers: Revenge of the Fallen (2009);Action|Adventure|Sci-Fi|IMAX;E;1;0;1;0;0;0;0;0;0;0;1;0;0;0;0;0;1;0;0
District 9 (2009);Mystery|Sci-Fi|Thriller;C;0;0;0;0;0;0;0;0;0;0;0;1;0;0;1;0;1;0;0
Haunted World of El Superbeasto, The (2009);Action|Animation|Comedy|Horror|Thriller;C;1;0;0;0;0;0;1;0;1;1;0;0;0;0;1;0;0;0;0
Zombieland (2009);Action|Comedy|Horror;C;1;0;0;0;0;0;1;0;1;0;0;0;0;0;0;0;0;0;0
Mary and Max (2009);Animation|Comedy|Drama;B;0;0;0;0;0;0;1;0;0;1;0;0;0;0;0;0;0;1;0
Inception (2010);Action|Crime|Drama|Mystery|Sci-Fi|Thriller|IMAX;B;1;0;1;1;0;0;0;0;0;0;0;1;0;0;1;0;1;1;0
Scott Pilgrim vs. the World (2010);Action|Comedy|Fantasy|Musical|Romance;C;1;0;0;0;1;0;1;1;0;0;0;0;1;0;0;0;0;0;0
Sintel (2010);Animation|Fantasy;C;0;0;0;0;1;0;0;0;0;1;0;0;0;0;0;0;0;0;0
Inside Job (2010);Documentary;A;0;0;0;0;0;0;0;0;0;0;0;0;0;1;0;0;0;0;0
Rare Exports: A Christmas Tale (Rare Exports) (2010);Action|Comedy;A;1;0;0;0;0;0;1;0;0;0;0;0;0;0;0;0;0;0;0
True Grit (2010);Western;C;0;0;0;0;0;0;0;0;0;0;0;0;0;0;0;0;0;0;1
The Hunger Games (2012);Action|Adventure|Drama|Sci-Fi|Thriller;C;1;0;0;0;0;0;0;0;0;0;1;0;0;0;1;0;1;1;0
Dark Knight Rises, The (2012);Action|Adventure|Crime|IMAX;C;1;0;1;1;0;0;0;0;0;0;1;0;0;0;0;0;0;0;0
Skyfall (2012);Action|Adventure|Thriller|IMAX;C;1;0;1;0;0;0;0;0;0;0;1;0;0;0;1;0;0;0;0
Hands Over the City (Le mani sulla città) (1963);Drama;A;0;0;0;0;0;0;0;0;0;0;0;0;0;0;0;0;0;1;0
Life of Pi (2012);Adventure|Drama|IMAX;C;0;0;1;0;0;0;0;0;0;0;1;0;0;0;0;0;0;1;0
Hobbit: An Unexpected Journey, The (2012);Adventure|Fantasy|IMAX;C;0;0;1;0;1;0;0;0;0;0;1;0;0;0;0;0;0;0;0
Zero Dark Thirty (2012);Action|Drama|Thriller;B;1;0;0;0;0;0;0;0;0;0;0;0;0;0;1;0;0;1;0
It's Such a Beautiful Day (2012);Animation|Comedy|Drama|Fantasy|Sci-Fi;A;0;0;0;0;1;0;1;0;0;1;0;0;0;0;0;0;1;1;0
Upstream Color (2013);Romance|Sci-Fi|Thriller;D;0;0;0;0;0;0;0;0;0;0;0;0;1;0;1;0;1;0;0
Invincible Iron Man, The (2007);Animation;D;0;0;0;0;0;0;0;0;0;1;0;0;0;0;0;0;0;0;0
Man of Steel (2013);Action|Adventure|Fantasy|Sci-Fi|IMAX;C;1;0;1;0;1;0;0;0;0;0;1;0;0;0;0;0;1;0;0
Gravity (2013);Action|Sci-Fi|IMAX;C;1;0;1;0;0;0;0;0;0;0;0;0;0;0;0;0;1;0;0
History of Future Folk, The (2012);Adventure|Comedy|Musical|Sci-Fi;B;0;0;0;0;0;0;1;1;0;0;1;0;0;0;0;0;1;0;0
Captain Phillips (2013);Adventure|Drama|Thriller|IMAX;B;0;0;1;0;0;0;0;0;0;0;1;0;0;0;1;0;0;1;0
Hobbit: The Desolation of Smaug, The (2013);Adventure|Fantasy|IMAX;C;0;0;1;0;1;0;0;0;0;0;1;0;0;0;0;0;0;0;0
Divergent (2014);Adventure|Romance|Sci-Fi|IMAX;D;0;0;1;0;0;0;0;0;0;0;1;0;1;0;0;0;1;0;0
The Lego Movie (2014);Action|Adventure|Animation|Children|Comedy|Fantasy;C;1;0;0;0;1;1;1;0;0;1;1;0;0;0;0;0;0;0;0
Interstellar (2014);Sci-Fi|IMAX;C;0;0;1;0;0;0;0;0;0;0;0;0;0;0;0;0;1;0;0
Godzilla (2014);Action|Adventure|Sci-Fi|IMAX;E;1;0;1;0;0;0;0;0;0;0;1;0;0;0;0;0;1;0;0
A Million Ways to Die in the West (2014);Comedy|Western;E;0;0;0;0;0;0;1;0;0;0;0;0;0;0;0;0;0;0;1
Frank (2014);Comedy|Drama|Mystery;A;0;0;0;0;0;0;1;0;0;0;0;1;0;0;0;0;0;1;0
Guardians of the Galaxy (2014);Action|Adventure|Sci-Fi;B;1;0;0;0;0;0;0;0;0;0;1;0;0;0;0;0;1;0;0
Maze Runner, The (2014);Action|Mystery|Sci-Fi;E;1;0;0;0;0;0;0;0;0;0;0;1;0;0;0;0;1;0;0
Angel's Egg (Tenshi no tamago) (1985);Animation|Drama|Fantasy;C;0;0;0;0;1;0;0;0;0;1;0;0;0;0;0;0;0;1;0
Big Hero 6 (2014);Action|Animation|Comedy;C;1;0;0;0;0;0;1;0;0;1;0;0;0;0;0;0;0;0;0
Wild Tales (2014);Comedy|Drama|Thriller;A;0;0;0;0;0;0;1;0;0;0;0;0;0;0;1;0;0;1;0
The Rabbi's Cat (Le chat du rabbin) (2011);Adventure|Animation;D;0;0;0;0;0;0;0;0;0;1;1;0;0;0;0;0;0;0;0
Avengers: Infinity War - Part I (2018);Action|Adventure|Sci-Fi;B;1;0;0;0;0;0;0;0;0;0;1;0;0;0;0;0;1;0;0
Thor: Ragnarok (2017);Action|Adventure|Sci-Fi;B;1;0;0;0;0;0;0;0;0;0;1;0;0;0;0;0;1;0;0
The Hateful Eight (2015);Western;C;0;0;0;0;0;0;0;0;0;0;0;0;0;0;0;0;0;0;1
The Martian (2015);Adventure|Drama|Sci-Fi;B;0;0;0;0;0;0;0;0;0;0;1;0;0;0;0;0;1;1;0
Kung Fury (2015);Action|Comedy|Fantasy|Sci-Fi;C;1;0;0;0;1;0;1;0;0;0;0;0;0;0;0;0;1;0;0
Self/less (2015);Action|Mystery|Sci-Fi|Thriller;E;1;0;0;0;0;0;0;0;0;0;0;1;0;0;1;0;1;0;0
Suicide Squad (2016);Action|Crime|Sci-Fi;E;1;0;0;1;0;0;0;0;0;0;0;0;0;0;0;0;1;0;0
Batman v Superman: Dawn of Justice (2016);Action|Adventure|Fantasy|Sci-Fi;E;1;0;0;0;1;0;0;0;0;0;1;0;0;0;0;0;1;0;0
World of Tomorrow (2015);Animation|Comedy;A;0;0;0;0;0;0;1;0;0;1;0;0;0;0;0;0;0;0;0
Who Killed Chea Vichea? (2010);Documentary;A;0;0;0;0;0;0;0;0;0;0;0;0;0;1;0;0;0;0;0
Eye in the Sky (2016);Drama|Thriller|War;E;0;0;0;0;0;0;0;0;0;0;0;0;0;0;1;1;0;1;0
Paterson;(no genres listed);A;0;0;0;0;0;0;0;0;0;0;0;0;0;0;0;0;0;0;0
Captain Fantastic (2016);Drama;A;0;0;0;0;0;0;0;0;0;0;0;0;0;0;0;0;0;1;0
Arrival (2016);Sci-Fi;C;0;0;0;0;0;0;0;0;0;0;0;0;0;0;0;0;1;0;0
The Lego Batman Movie (2017);Action|Animation|Comedy;C;1;0;0;0;0;0;1;0;0;1;0;0;0;0;0;0;0;0;0
Logan (2017);Action|Sci-Fi;A;1;0;0;0;0;0;0;0;0;0;0;0;0;0;0;0;1;0;0
Black Mirror: White Christmas (2014);Drama|Horror|Mystery|Sci-Fi|Thriller;A;0;0;0;0;0;0;0;0;1;0;0;1;0;0;1;0;1;1;0
Blade Runner 2049 (2017);Sci-Fi;C;0;0;0;0;0;0;0;0;0;0;0;0;0;0;0;0;1;0;0
Jumanji: Welcome to the Jungle (2017);Action|Adventure|Children;C;1;0;0;0;0;1;0;0;0;0;1;0;0;0;0;0;0;0;0
The Shape of Water (2017);Adventure|Drama|Fantasy;C;0;0;0;0;1;0;0;0;0;0;1;0;0;0;0;0;0;1;0
Game Night (2018);Action|Comedy|Crime|Horror;B;1;0;0;1;0;0;1;0;1;0;0;0;0;0;0;0;0;0;0
Tomb Raider (2018);Action|Adventure|Fantasy;E;1;0;0;0;1;0;0;0;0;0;1;0;0;0;0;0;0;0;0
Solo: A Star Wars Story (2018);Action|Adventure|Children|Sci-Fi;C;1;0;0;0;0;1;0;0;0;0;1;0;0;0;0;0;1;0;0
Gintama: The Movie (2010);Action|Animation|Comedy|Sci-Fi;C;1;0;0;0;0;0;1;0;0;1;0;0;0;0;0;0;1;0;0
